<?xml version="1.0" encoding="utf-8"?>
<annotations>
	<folder>VOC2007</folder>
	<filename>1618.jpg</filename>
	<size>
		<width>960</width>
		<height>540</height>
		<depth>3</depth>
	</size>
	<object>
		<name>4</name>
		<pose>Unspecified</pose>
		<truncated>0</truncated>
		<difficult>0</difficult>
		<bndbox>
			<xmin>197</xmin>
			<ymin>354</ymin>
			<xmax>500</xmax>
			<ymax>469</ymax>
		</bndbox>
	</object>
	<object>
		<name>11</name>
		<pose>Unspecified</pose>
		<truncated>0</truncated>
		<difficult>0</difficult>
		<bndbox>
			<xmin>918</xmin>
			<ymin>304</ymin>
			<xmax>959</xmax>
			<ymax>338</ymax>
		</bndbox>
	</object>
</annotations>
