<?xml version="1.0" encoding="utf-8"?>
<annotations>
	<folder>VOC2007</folder>
	<filename>1890.jpg</filename>
	<size>
		<width>960</width>
		<height>540</height>
		<depth>3</depth>
	</size>
	<object>
		<name>1</name>
		<pose>Unspecified</pose>
		<truncated>0</truncated>
		<difficult>0</difficult>
		<bndbox>
			<xmin>281</xmin>
			<ymin>253</ymin>
			<xmax>359</xmax>
			<ymax>539</ymax>
		</bndbox>
	</object>
	<object>
		<name>5</name>
		<pose>Unspecified</pose>
		<truncated>0</truncated>
		<difficult>0</difficult>
		<bndbox>
			<xmin>0</xmin>
			<ymin>239</ymin>
			<xmax>261</xmax>
			<ymax>376</ymax>
		</bndbox>
	</object>
</annotations>
