<?xml version="1.0" encoding="utf-8"?>
<annotations>
	<folder>VOC2007</folder>
	<filename>2039.jpg</filename>
	<size>
		<width>960</width>
		<height>540</height>
		<depth>3</depth>
	</size>
	<object>
		<name>6</name>
		<pose>Unspecified</pose>
		<truncated>0</truncated>
		<difficult>0</difficult>
		<bndbox>
			<xmin>417</xmin>
			<ymin>209</ymin>
			<xmax>576</xmax>
			<ymax>539</ymax>
		</bndbox>
	</object>
	<object>
		<name>11</name>
		<pose>Unspecified</pose>
		<truncated>0</truncated>
		<difficult>0</difficult>
		<bndbox>
			<xmin>0</xmin>
			<ymin>468</ymin>
			<xmax>420</xmax>
			<ymax>539</ymax>
		</bndbox>
	</object>
</annotations>
