<?xml version="1.0" encoding="utf-8"?>
<annotations>
	<folder>VOC2007</folder>
	<filename>1892.jpg</filename>
	<size>
		<width>960</width>
		<height>540</height>
		<depth>3</depth>
	</size>
	<object>
		<name>1</name>
		<pose>Unspecified</pose>
		<truncated>0</truncated>
		<difficult>0</difficult>
		<bndbox>
			<xmin>495</xmin>
			<ymin>234</ymin>
			<xmax>562</xmax>
			<ymax>539</ymax>
		</bndbox>
	</object>
	<object>
		<name>5</name>
		<pose>Unspecified</pose>
		<truncated>0</truncated>
		<difficult>0</difficult>
		<bndbox>
			<xmin>0</xmin>
			<ymin>215</ymin>
			<xmax>495</xmax>
			<ymax>306</ymax>
		</bndbox>
	</object>
</annotations>
